Workbook

Sheet التقسيم Layout
A1: تقسيم غرفة المنطقة الجافة — Dry Section Room Layout
A3: المنطقة Zone | B3: الحي Area | C3: الجهة Side | D3: الاتجاه Direction | E3: مستويات (Door) Levels | F3: بالتات بالعمق Pallets deep | G3: راكات Racks | H3: بالت / مستوى Pallets per level | I3: إجمالي البالت Total pallets | J3: ارتفاع الراك (سم) Rack height (cm) | K3: اللون Color
A4: المنطقة 1 / Zone 1 | B4: A | C4: يمين / RIGHT | D4: → | E4: 5 | F4: 6 | G4: 19 | H4: =G4*F4 -> 114 | I4: =H4*E4 -> 570 | J4: 175 | K4: أحمر Red
A5: المنطقة 1 / Zone 1 | B5: B | C5: يمين / RIGHT | D5: → | E5: 5 | F5: 6 | G5: 19 | H5: =G5*F5 -> 114 | I5: =H5*E5 -> 570 | J5: 175 | K5: أصفر Yellow
A6: المنطقة 2 / Zone 2 | B6: C | C6: يمين / RIGHT | D6: → | E6: 5 | F6: 5 | G6: 15 | H6: =G6*F6 -> 75 | I6: =H6*E6 -> 375 | J6: 175 | K6: أخضر مزرق Teal
A7: المنطقة 2 / Zone 2 | B7: D | C7: يسار / LEFT | D7: ← | E7: 4 | F7: 5 | G7: 15 | H7: =G7*F7 -> 75 | I7: =H7*E7 -> 300 | J7: 246 | K7: أزرق Blue
A8: المنطقة 3 / Zone 3 | B8: E | C8: يسار / LEFT | D8: ← | E8: 5 | F8: 5 | G8: 20 | H8: =G8*F8 -> 100 | I8: =H8*E8 -> 500 | J8: 195 | K8: أخضر Green
A9: المنطقة 3 / Zone 3 | B9: F | C9: يسار / LEFT | D9: ← | E9: 5 | F9: 6 | G9: 19 | H9: =G9*F9 -> 114 | I9: =H9*E9 -> 570 | J9: 175 | K9: بنفسجي Purple
A10: الإجمالي / Total | G10: =SUM(G4:G9) -> 107 | H10: =SUM(H4:H9) -> 592 | I10: =SUM(I4:I9) -> 2885
A12: ① إجمالي البالت لكل منطقة / Pallets per zone
A13: المنطقة Zone | B13: الأحياء Areas | C13: راكات Racks | D13: بالت / مستوى Per level | E13: إجمالي البالت Total pallets
A14: المنطقة 1 / Zone 1 | B14: A , B | C14: =SUMIF($A$4:$A$9,A14,$G$4:$G$9) -> 38 | D14: =SUMIF($A$4:$A$9,A14,$H$4:$H$9) -> 228 | E14: =SUMIF($A$4:$A$9,A14,$I$4:$I$9) -> 1140
A15: المنطقة 2 / Zone 2 | B15: C , D | C15: =SUMIF($A$4:$A$9,A15,$G$4:$G$9) -> 30 | D15: =SUMIF($A$4:$A$9,A15,$H$4:$H$9) -> 150 | E15: =SUMIF($A$4:$A$9,A15,$I$4:$I$9) -> 675
A16: المنطقة 3 / Zone 3 | B16: E , F | C16: =SUMIF($A$4:$A$9,A16,$G$4:$G$9) -> 39 | D16: =SUMIF($A$4:$A$9,A16,$H$4:$H$9) -> 214 | E16: =SUMIF($A$4:$A$9,A16,$I$4:$I$9) -> 1070
A17: الإجمالي / Total | C17: =SUM(C14:C16) -> 107 | D17: =SUM(D14:D16) -> 592 | E17: =SUM(E14:E16) -> 2885
A19: ② إجمالي البالت في كل مستوى (Door) / Pallets per level, whole room
A20: المستوى Level | B20: الأحياء المشاركة Areas counted | E20: إجمالي البالت Total pallets
A21: المستوى 1 / Level 1 | B21: =IF(1<=4,"A B C D E F","A B C E F (D = 4 levels)") -> A B C D E F | E21: =SUMIF($E$4:$E$9,">="&1,$H$4:$H$9) -> 592
A22: المستوى 2 / Level 2 | B22: =IF(2<=4,"A B C D E F","A B C E F (D = 4 levels)") -> A B C D E F | E22: =SUMIF($E$4:$E$9,">="&2,$H$4:$H$9) -> 592
A23: المستوى 3 / Level 3 | B23: =IF(3<=4,"A B C D E F","A B C E F (D = 4 levels)") -> A B C D E F | E23: =SUMIF($E$4:$E$9,">="&3,$H$4:$H$9) -> 592
A24: المستوى 4 / Level 4 | B24: =IF(4<=4,"A B C D E F","A B C E F (D = 4 levels)") -> A B C D E F | E24: =SUMIF($E$4:$E$9,">="&4,$H$4:$H$9) -> 592
A25: المستوى 5 / Level 5 | B25: =IF(5<=4,"A B C D E F","A B C E F (D = 4 levels)") -> A B C E F (D = 4 levels) | E25: =SUMIF($E$4:$E$9,">="&5,$H$4:$H$9) -> 517
A26: الإجمالي / Total | E26: =SUM(E21:E25) -> 2885
A28: ③ إجمالي بالتات الغرفة كاملة / WHOLE ROOM TOTAL
A29: إجمالي الغرفة (بالت) Room total (pallets) | E29: =I10 -> 2885
A30: مطابقة / Check (levels = zones) | E30: =IF(E26=E17,"OK ✔","ERROR") -> OK ✔
A32: ④ حسب ارتفاع الراك / By rack height (cm)
A33: الارتفاع Height (cm) | C33: راكات Racks | E33: إجمالي البالت Total pallets
A34: 246 | C34: =SUMIF($J$4:$J$9,A34,$G$4:$G$9) -> 15 | E34: =SUMIF($J$4:$J$9,A34,$I$4:$I$9) -> 300
A35: 195 | C35: =SUMIF($J$4:$J$9,A35,$G$4:$G$9) -> 20 | E35: =SUMIF($J$4:$J$9,A35,$I$4:$I$9) -> 500
A36: 175 | C36: =SUMIF($J$4:$J$9,A36,$G$4:$G$9) -> 72 | E36: =SUMIF($J$4:$J$9,A36,$I$4:$I$9) -> 2085
A37: بدون ارتفاع / Not set | C37: =G10-SUM(C34:C36) -> 0 | E37: =I10-SUM(E34:E36) -> 0
A38: الإجمالي / Total | C38: =SUM(C34:C37) -> 107 | E38: =SUM(E34:E37) -> 2885
A40: ملاحظة: ارتفاعات الراكات: D = 246 سم (4 مستويات)، E = 195 سم، والباقي A / B / C / F = 175 سم. أي تعديل في عمود J يحدّث الجداول تلقائيًا. / Rack heights: D = 246 cm (4 levels), E = 195 cm, A / B / C / F = 175 cm. Edit column J and the tables update.

Sheet أكواد الليبلات Codes
A1: أكواد الليبلات = حرف الحي + حرف المستوى + رقم الراك | Label code = Area + Level + Rack no.
A2: مثال / Example: AA1 = الحي A، المستوى A (الأرضي)، راك 1 | Area A, Level A (floor), Rack 1
A4: م # | B4: الكود Code | C4: الحي Area | D4: المستوى Level | E4: موضع المستوى Level position | F4: رقم الراك Rack no. | G4: المنطقة Zone | H4: الجهة Side | I4: ارتفاع الراك Height (cm)
A5: 1 | B5: AA1 | C5: A | D5: A | E5: أرضي / Floor | F5: 1 | G5: المنطقة 1 / Zone 1 | H5: يمين / RIGHT | I5: =IFERROR(INDEX('التقسيم Layout'!$J$4:$J$9,MATCH(C5,'التقسيم Layout'!$B$4:$B$9,0)),"") -> 175
A6: 2 | B6: AB1 | C6: A | D6: B | E6: مستوى 2 / Level 2 | F6: 1 | G6: المنطقة 1 / Zone 1 | H6: يمين / RIGHT | I6: =IFERROR(INDEX('التقسيم Layout'!$J$4:$J$9,MATCH(C6,'التقسيم Layout'!$B$4:$B$9,0)),"") -> 175
A7: 3 | B7: AC1 | C7: A | D7: C | E7: مستوى 3 / Level 3 | F7: 1 | G7: المنطقة 1 / Zone 1 | H7: يمين / RIGHT | I7: =IFERROR(INDEX('التقسيم Layout'!$J$4:$J$9,MATCH(C7,'التقسيم Layout'!$B$4:$B$9,0)),"") -> 175
A8: 4 | B8: AD1 | C8: A | D8: D | E8: مستوى 4 / Level 4 | F8: 1 | G8: المنطقة 1 / Zone 1 | H8: يمين / RIGHT | I8: =IFERROR(INDEX('التقسيم Layout'!$J$4:$J$9,MATCH(C8,'التقسيم Layout'!$B$4:$B$9,0)),"") -> 175
A9: 5 | B9: AE1 | C9: A | D9: E | E9: علوي / Top | F9: 1 | G9: المنطقة 1 / Zone 1 | H9: يمين / RIGHT | I9: =IFERROR(INDEX('التقسيم Layout'!$J$4:$J$9,MATCH(C9,'التقسيم Layout'!$B$4:$B$9,0)),"") -> 175
A10: 6 | B10: AA2 | C10: A | D10: A | E10: أرضي / Floor | F10: 2 | G10: المنطقة 1 / Zone 1 | H10: يمين / RIGHT | I10: =IFERROR(INDEX('التقسيم Layout'!$J$4:$J$9,MATCH(C10,'التقسيم Layout'!$B$4:$B$9,0)),"") -> 175
A11: 7 | B11: AB2 | C11: A | D11: B | E11: مستوى 2 / Level 2 | F11: 2 | G11: المنطقة 1 / Zone 1 | H11: يمين / RIGHT | I11: =IFERROR(INDEX('التقسيم Layout'!$J$4:$J$9,MATCH(C11,'التقسيم Layout'!$B$4:$B$9,0)),"") -> 175
A12: 8 | B12: AC2 | C12: A | D12: C | E12: مستوى 3 / Level 3 | F12: 2 | G12: المنطقة 1 / Zone 1 | H12: يمين / RIGHT | I12: =IFERROR(INDEX('التقسيم Layout'!$J$4:$J$9,MATCH(C12,'التقسيم Layout'!$B$4:$B$9,0)),"") -> 175
A13: 9 | B13: AD2 | C13: A | D13: D | E13: مستوى 4 / Level 4 | F13: 2 | G13: المنطقة 1 / Zone 1 | H13: يمين / RIGHT | I13: =IFERROR(INDEX('التقسيم Layout'!$J$4:$J$9,MATCH(C13,'التقسيم Layout'!$B$4:$B$9,0)),"") -> 175
A14: 10 | B14: AE2 | C14: A | D14: E | E14: علوي / Top | F14: 2 | G14: المنطقة 1 / Zone 1 | H14: يمين / RIGHT | I14: =IFERROR(INDEX('التقسيم Layout'!$J$4:$J$9,MATCH(C14,'التقسيم Layout'!$B$4:$B$9,0)),"") -> 175
A15: 11 | B15: AA3 | C15: A | D15: A | E15: أرضي / Floor | F15: 3 | G15: المنطقة 1 / Zone 1 | H15: يمين / RIGHT | I15: =IFERROR(INDEX('التقسيم Layout'!$J$4:$J$9,MATCH(C15,'التقسيم Layout'!$B$4:$B$9,0)),"") -> 175
A16: 12 | B16: AB3 | C16: A | D16: B | E16: مستوى 2 / Level 2 | F16: 3 | G16: المنطقة 1 / Zone 1 | H16: يمين / RIGHT | I16: =IFERROR(INDEX('التقسيم Layout'!$J$4:$J$9,MATCH(C16,'التقسيم Layout'!$B$4:$B$9,0)),"") -> 175
... A524: 520 | B524: FE19 | C524: F | D524: E | E524: علوي / Top | F524: 19 | G524: المنطقة 3 / Zone 3 | H524: يسار / LEFT | I524: =IFERROR(INDEX('التقسيم Layout'!$J$4:$J$9,MATCH(C524,'التقسيم Layout'!$B$4:$B$9,0)),"") -> 175
B525: الإجمالي / Total | C525: =COUNTA(B5:B524) -> 520
B526: مطابقة / Check | C526: =IF(C525=SUMPRODUCT('التقسيم Layout'!E4:E9,'التقسيم Layout'!G4:G9),"OK ✔","ERROR") -> OK ✔

Sheet مصفوفة الأكواد Matrix
A1: مصفوفة الأكواد — الراك في الصفوف والمستويات في الأعمدة / Rack rows × Level columns
A3: الحي A / Area A — يمين / RIGHT | H3: الحي B / Area B — يمين / RIGHT | O3: الحي C / Area C — يمين / RIGHT | V3: الحي D / Area D — يسار / LEFT | AB3: الحي E / Area E — يسار / LEFT | AI3: الحي F / Area F — يسار / LEFT
A4: راك Rack | B4: A | C4: B | D4: C | E4: D | F4: E | H4: راك Rack | I4: A | J4: B | K4: C | L4: D | M4: E | O4: راك Rack | P4: A | Q4: B | R4: C | S4: D | T4: E | V4: راك Rack | W4: A | X4: B | Y4: C | Z4: D | AB4: راك Rack | AC4: A | AD4: B | AE4: C | AF4: D | AG4: E | AI4: راك Rack | AJ4: A | AK4: B | AL4: C | AM4: D | AN4: E
A5: 1 | B5: AA1 | C5: AB1 | D5: AC1 | E5: AD1 | F5: AE1 | H5: 1 | I5: BA1 | J5: BB1 | K5: BC1 | L5: BD1 | M5: BE1 | O5: 1 | P5: CA1 | Q5: CB1 | R5: CC1 | S5: CD1 | T5: CE1 | V5: 1 | W5: DA1 | X5: DB1 | Y5: DC1 | Z5: DD1 | AB5: 1 | AC5: EA1 | AD5: EB1 | AE5: EC1 | AF5: ED1 | AG5: EE1 | AI5: 1 | AJ5: FA1 | AK5: FB1 | AL5: FC1 | AM5: FD1 | AN5: FE1
A6: 2 | B6: AA2 | C6: AB2 | D6: AC2 | E6: AD2 | F6: AE2 | H6: 2 | I6: BA2 | J6: BB2 | K6: BC2 | L6: BD2 | M6: BE2 | O6: 2 | P6: CA2 | Q6: CB2 | R6: CC2 | S6: CD2 | T6: CE2 | V6: 2 | W6: DA2 | X6: DB2 | Y6: DC2 | Z6: DD2 | AB6: 2 | AC6: EA2 | AD6: EB2 | AE6: EC2 | AF6: ED2 | AG6: EE2 | AI6: 2 | AJ6: FA2 | AK6: FB2 | AL6: FC2 | AM6: FD2 | AN6: FE2
A7: 3 | B7: AA3 | C7: AB3 | D7: AC3 | E7: AD3 | F7: AE3 | H7: 3 | I7: BA3 | J7: BB3 | K7: BC3 | L7: BD3 | M7: BE3 | O7: 3 | P7: CA3 | Q7: CB3 | R7: CC3 | S7: CD3 | T7: CE3 | V7: 3 | W7: DA3 | X7: DB3 | Y7: DC3 | Z7: DD3 | AB7: 3 | AC7: EA3 | AD7: EB3 | AE7: EC3 | AF7: ED3 | AG7: EE3 | AI7: 3 | AJ7: FA3 | AK7: FB3 | AL7: FC3 | AM7: FD3 | AN7: FE3
A8: 4 | B8: AA4 | C8: AB4 | D8: AC4 | E8: AD4 | F8: AE4 | H8: 4 | I8: BA4 | J8: BB4 | K8: BC4 | L8: BD4 | M8: BE4 | O8: 4 | P8: CA4 | Q8: CB4 | R8: CC4 | S8: CD4 | T8: CE4 | V8: 4 | W8: DA4 | X8: DB4 | Y8: DC4 | Z8: DD4 | AB8: 4 | AC8: EA4 | AD8: EB4 | AE8: EC4 | AF8: ED4 | AG8: EE4 | AI8: 4 | AJ8: FA4 | AK8: FB4 | AL8: FC4 | AM8: FD4 | AN8: FE4
A9: 5 | B9: AA5 | C9: AB5 | D9: AC5 | E9: AD5 | F9: AE5 | H9: 5 | I9: BA5 | J9: BB5 | K9: BC5 | L9: BD5 | M9: BE5 | O9: 5 | P9: CA5 | Q9: CB5 | R9: CC5 | S9: CD5 | T9: CE5 | V9: 5 | W9: DA5 | X9: DB5 | Y9: DC5 | Z9: DD5 | AB9: 5 | AC9: EA5 | AD9: EB5 | AE9: EC5 | AF9: ED5 | AG9: EE5 | AI9: 5 | AJ9: FA5 | AK9: FB5 | AL9: FC5 | AM9: FD5 | AN9: FE5
A10: 6 | B10: AA6 | C10: AB6 | D10: AC6 | E10: AD6 | F10: AE6 | H10: 6 | I10: BA6 | J10: BB6 | K10: BC6 | L10: BD6 | M10: BE6 | O10: 6 | P10: CA6 | Q10: CB6 | R10: CC6 | S10: CD6 | T10: CE6 | V10: 6 | W10: DA6 | X10: DB6 | Y10: DC6 | Z10: DD6 | AB10: 6 | AC10: EA6 | AD10: EB6 | AE10: EC6 | AF10: ED6 | AG10: EE6 | AI10: 6 | AJ10: FA6 | AK10: FB6 | AL10: FC6 | AM10: FD6 | AN10: FE6
A11: 7 | B11: AA7 | C11: AB7 | D11: AC7 | E11: AD7 | F11: AE7 | H11: 7 | I11: BA7 | J11: BB7 | K11: BC7 | L11: BD7 | M11: BE7 | O11: 7 | P11: CA7 | Q11: CB7 | R11: CC7 | S11: CD7 | T11: CE7 | V11: 7 | W11: DA7 | X11: DB7 | Y11: DC7 | Z11: DD7 | AB11: 7 | AC11: EA7 | AD11: EB7 | AE11: EC7 | AF11: ED7 | AG11: EE7 | AI11: 7 | AJ11: FA7 | AK11: FB7 | AL11: FC7 | AM11: FD7 | AN11: FE7
A12: 8 | B12: AA8 | C12: AB8 | D12: AC8 | E12: AD8 | F12: AE8 | H12: 8 | I12: BA8 | J12: BB8 | K12: BC8 | L12: BD8 | M12: BE8 | O12: 8 | P12: CA8 | Q12: CB8 | R12: CC8 | S12: CD8 | T12: CE8 | V12: 8 | W12: DA8 | X12: DB8 | Y12: DC8 | Z12: DD8 | AB12: 8 | AC12: EA8 | AD12: EB8 | AE12: EC8 | AF12: ED8 | AG12: EE8 | AI12: 8 | AJ12: FA8 | AK12: FB8 | AL12: FC8 | AM12: FD8 | AN12: FE8
A13: 9 | B13: AA9 | C13: AB9 | D13: AC9 | E13: AD9 | F13: AE9 | H13: 9 | I13: BA9 | J13: BB9 | K13: BC9 | L13: BD9 | M13: BE9 | O13: 9 | P13: CA9 | Q13: CB9 | R13: CC9 | S13: CD9 | T13: CE9 | V13: 9 | W13: DA9 | X13: DB9 | Y13: DC9 | Z13: DD9 | AB13: 9 | AC13: EA9 | AD13: EB9 | AE13: EC9 | AF13: ED9 | AG13: EE9 | AI13: 9 | AJ13: FA9 | AK13: FB9 | AL13: FC9 | AM13: FD9 | AN13: FE9
A14: 10 | B14: AA10 | C14: AB10 | D14: AC10 | E14: AD10 | F14: AE10 | H14: 10 | I14: BA10 | J14: BB10 | K14: BC10 | L14: BD10 | M14: BE10 | O14: 10 | P14: CA10 | Q14: CB10 | R14: CC10 | S14: CD10 | T14: CE10 | V14: 10 | W14: DA10 | X14: DB10 | Y14: DC10 | Z14: DD10 | AB14: 10 | AC14: EA10 | AD14: EB10 | AE14: EC10 | AF14: ED10 | AG14: EE10 | AI14: 10 | AJ14: FA10 | AK14: FB10 | AL14: FC10 | AM14: FD10 | AN14: FE10
A15: 11 | B15: AA11 | C15: AB11 | D15: AC11 | E15: AD11 | F15: AE11 | H15: 11 | I15: BA11 | J15: BB11 | K15: BC11 | L15: BD11 | M15: BE11 | O15: 11 | P15: CA11 | Q15: CB11 | R15: CC11 | S15: CD11 | T15: CE11 | V15: 11 | W15: DA11 | X15: DB11 | Y15: DC11 | Z15: DD11 | AB15: 11 | AC15: EA11 | AD15: EB11 | AE15: EC11 | AF15: ED11 | AG15: EE11 | AI15: 11 | AJ15: FA11 | AK15: FB11 | AL15: FC11 | AM15: FD11 | AN15: FE11
A16: 12 | B16: AA12 | C16: AB12 | D16: AC12 | E16: AD12 | F16: AE12 | H16: 12 | I16: BA12 | J16: BB12 | K16: BC12 | L16: BD12 | M16: BE12 | O16: 12 | P16: CA12 | Q16: CB12 | R16: CC12 | S16: CD12 | T16: CE12 | V16: 12 | W16: DA12 | X16: DB12 | Y16: DC12 | Z16: DD12 | AB16: 12 | AC16: EA12 | AD16: EB12 | AE16: EC12 | AF16: ED12 | AG16: EE12 | AI16: 12 | AJ16: FA12 | AK16: FB12 | AL16: FC12 | AM16: FD12 | AN16: FE12
... A19: 15 | B19: AA15 | C19: AB15 | D19: AC15 | E19: AD15 | F19: AE15 | H19: 15 | I19: BA15 | J19: BB15 | K19: BC15 | L19: BD15 | M19: BE15 | O19: 15 | P19: CA15 | Q19: CB15 | R19: CC15 | S19: CD15 | T19: CE15 | V19: 15 | W19: DA15 | X19: DB15 | Y19: DC15 | Z19: DD15 | AB19: 15 | AC19: EA15 | AD19: EB15 | AE19: EC15 | AF19: ED15 | AG19: EE15 | AI19: 15 | AJ19: FA15 | AK19: FB15 | AL19: FC15 | AM19: FD15 | AN19: FE15
A20: 16 | B20: AA16 | C20: AB16 | D20: AC16 | E20: AD16 | F20: AE16 | H20: 16 | I20: BA16 | J20: BB16 | K20: BC16 | L20: BD16 | M20: BE16 | AB20: 16 | AC20: EA16 | AD20: EB16 | AE20: EC16 | AF20: ED16 | AG20: EE16 | AI20: 16 | AJ20: FA16 | AK20: FB16 | AL20: FC16 | AM20: FD16 | AN20: FE16
A21: 17 | B21: AA17 | C21: AB17 | D21: AC17 | E21: AD17 | F21: AE17 | H21: 17 | I21: BA17 | J21: BB17 | K21: BC17 | L21: BD17 | M21: BE17 | AB21: 17 | AC21: EA17 | AD21: EB17 | AE21: EC17 | AF21: ED17 | AG21: EE17 | AI21: 17 | AJ21: FA17 | AK21: FB17 | AL21: FC17 | AM21: FD17 | AN21: FE17
A22: 18 | B22: AA18 | C22: AB18 | D22: AC18 | E22: AD18 | F22: AE18 | H22: 18 | I22: BA18 | J22: BB18 | K22: BC18 | L22: BD18 | M22: BE18 | AB22: 18 | AC22: EA18 | AD22: EB18 | AE22: EC18 | AF22: ED18 | AG22: EE18 | AI22: 18 | AJ22: FA18 | AK22: FB18 | AL22: FC18 | AM22: FD18 | AN22: FE18
A23: 19 | B23: AA19 | C23: AB19 | D23: AC19 | E23: AD19 | F23: AE19 | H23: 19 | I23: BA19 | J23: BB19 | K23: BC19 | L23: BD19 | M23: BE19 | AB23: 19 | AC23: EA19 | AD23: EB19 | AE23: EC19 | AF23: ED19 | AG23: EE19 | AI23: 19 | AJ23: FA19 | AK23: FB19 | AL23: FC19 | AM23: FD19 | AN23: FE19
AB24: 20 | AC24: EA20 | AD24: EB20 | AE24: EC20 | AF24: ED20 | AG24: EE20

Sheet مواصفات الليبل Label Specs
A1: مواصفات الليبل — Label Specifications
A3: البند Item | B3: القيمة Value | C3: الوحدة Unit | D3: ملاحظة Note
A4: عرض الليبل / Label width | B4: 7 | C4: سم / cm | D4: من الورقة — عدّل إذا لزم / from the sheet (editable)
A5: طول الليبل / Label length | B5: 6 | C5: سم / cm | D5: من الورقة — عدّل إذا لزم / from the sheet (editable)
A6: زيادة الإطار / Frame extra | B6: 1 | C6: سم / cm | D6: الإطار أكبر من المقاس بـ 1 سم / frame is spec + 1 cm
A7: عرض الإطار / Frame width | B7: =B4+B6 -> 8 | C7: سم / cm | D7: العرض + الزيادة / width + extra
A8: طول الإطار / Frame length | B8: =B5+B6 -> 7 | C8: سم / cm | D8: الطول + الزيادة / length + extra
A9: مسافة علامات القص / Crop-mark gap | B9: 0.6 | C9: سم / cm | D9: خارج الإطار من كل جهة / outside the frame, each side
A10: عرض خلية الطباعة / Cell width | B10: =B7+2*B9 -> 9.2 | C10: سم / cm | D10: الإطار + علامات القص / frame + crop marks
A11: طول خلية الطباعة / Cell length | B11: =B8+2*B9 -> 8.2 | C11: سم / cm
A12: عرض A4 (أفقي) / A4 width (landscape) | B12: 29.7 | C12: سم / cm
A13: ارتفاع A4 (أفقي) / A4 height (landscape) | B13: 21 | C13: سم / cm
A14: أعمدة في الصفحة / Columns per page | B14: =INT(B12/B10) -> 3 | C14: عدد / count | D14: A4 أفقي / landscape
A15: صفوف في الصفحة / Rows per page | B15: =INT(B13/B11) -> 2 | C15: عدد / count
A16: ليبل في الصفحة / Labels per page | B16: =B14*B15 -> 6 | C16: عدد / count
A17: عدد الليبلات المطلوبة / Labels needed | B17: 9 | C17: عدد / count | D17: 3 مناطق + 6 أحياء / 3 zones + 6 areas
A18: عدد الصفحات / Pages needed | B18: =ROUNDUP(B17/B16,0) -> 2 | C18: صفحة / page
A19: الورق / Paper | B19: A4 | D19: طباعة بالألوان / colour print
