Workbook

Sheet الملخص Overview
A1: المنطقة الجافة — شرح ثنائي اللغة · Dry Area Explained (AR/EN)
A3: عربي | B3: English
A4: البالت الخشبي القياسي 1200×1000 مم، قاعدته 15 سم. | B4: Standard 1200×1000 mm wooden pallet, 15 cm base.
A5: عدد الراكات الكلي / مواقع الطبالي: | B5: Total racks / pallet locations:
A6: القاعدة: ارتفاع الراك = ارتفاع الطبلية + 15 سم. | B6: Rule: rack clearance = pallet height + 15 cm.
A7: 3 مقاسات راك: 246 (الكراتين) · 195 (نشا/سحاب/بلاستيك عالي) · 175 (البقية). | B7: 3 rack heights: 246 (cartons) · 195 (starch/zip/tall plastic) · 175 (rest).
A8: طبلية الكرتون 230 سم → راك 246 فقط، ولا يصح وضعها في مكان آخر. | B8: Carton pallet 230 cm → 246 racks only, nowhere else.
A9: النشا + الدقيق + أدوات التشكيل في منطقة واحدة؛ النشا مع البهارات. | B9: Starch + flour + forming tools in one area; starch with spices.
A10: أكياس السحاب مع التغليف؛ قسم 195 يستضيف النشا والسحاب. | B10: Zip bags with packaging; the 195 section hosts both.
A11: عند زيادة الأصناف: مناصفة الراك (سفلي/علوي). | B11: If items exceed racks: split the rack (lower/upper).
A12: عمق الراك 5 طبالي · 6 مناطق (3 قطاعات × يمين/يسار). | B12: Rack depth 5 pallets · 6 areas (3 zones × right/left).
A13: الأرقام مرتبطة بصيغ — عدّل الخلايا الزرقاء فقط. | B13: Numbers are formula-linked — edit blue cells only.
A14: ='المناطق الست Areas'!E10&" راك · "&TEXT('المناطق الست Areas'!I10,"#,##0")&" موقع" -> 107 راك · 2,600 موقع | B14: ='المناطق الست Areas'!E10&" racks · "&TEXT('المناطق الست Areas'!I10,"#,##0")&" locations" -> 107 racks · 2,600 locations
A16: <!-- VERSION: v12 | 2026-10-12 -->

Sheet المناطق الست Areas
A1: المناطق الست للمنطقة الجافة · The Six Dry Areas
A3: الرمز Code | B3: الجهة Side | C3: الاسم (عربي) Name AR | D3: Name EN | E3: عدد الراكات Racks | F3: الأدوار Levels | G3: ارتفاع الراك سم Rack h (cm) | H3: أقصى طبلية سم Max pallet (cm) | I3: مواقع الطبالي Pallet locs | J3: راكات مشغولة Racks used | K3: راكات فارغة Racks free | L3: نسبة الإشغال Used % | M3: مواقع مشغولة Locs used | N3: مواقع فارغة Locs free
A4: Z1-R | B4: يمين R | C4: البلاستيك | D4: PLASTIC ROLLS | E4: 19 | F4: 5 | G4: 175 | H4: =G4-'الثوابت Constants'!$C$9 -> 160 | I4: =E4*F4*'الثوابت Constants'!$C$8 -> 475 | J4: =SUMIF('المحتويات Contents'!$A:$A,A4,'المحتويات Contents'!$E:$E) -> 19 | K4: =E4-J4 -> 0 | L4: =IF(E4=0,0,J4/E4) -> 1 | M4: =J4*F4*'الثوابت Constants'!$C$8 -> 475 | N4: =I4-M4 -> 0
A5: Z1-L | B5: يسار L | C5: العلب والمستلزمات | D5: BOXES & SUPPLIES | E5: 19 | F5: 5 | G5: 175 | H5: =G5-'الثوابت Constants'!$C$9 -> 160 | I5: =E5*F5*'الثوابت Constants'!$C$8 -> 475 | J5: =SUMIF('المحتويات Contents'!$A:$A,A5,'المحتويات Contents'!$E:$E) -> 16 | K5: =E5-J5 -> 3 | L5: =IF(E5=0,0,J5/E5) -> 0.84210526 | M5: =J5*F5*'الثوابت Constants'!$C$8 -> 400 | N5: =I5-M5 -> 75
A6: Z2-R | B6: يمين R | C6: بقسماط وخلطات | D6: CRUMBS & MIXES | E6: 19 | F6: 5 | G6: 175 | H6: =G6-'الثوابت Constants'!$C$9 -> 160 | I6: =E6*F6*'الثوابت Constants'!$C$8 -> 475 | J6: =SUMIF('المحتويات Contents'!$A:$A,A6,'المحتويات Contents'!$E:$E) -> 19 | K6: =E6-J6 -> 0 | L6: =IF(E6=0,0,J6/E6) -> 1 | M6: =J6*F6*'الثوابت Constants'!$C$8 -> 475 | N6: =I6-M6 -> 0
A7: Z2-L | B7: يسار L | C7: زيوت ونكهات ونشا | D7: OILS · FLAVOURS · STARCH | E7: 20 | F7: 5 | G7: 195 | H7: =G7-'الثوابت Constants'!$C$9 -> 180 | I7: =E7*F7*'الثوابت Constants'!$C$8 -> 500 | J7: =SUMIF('المحتويات Contents'!$A:$A,A7,'المحتويات Contents'!$E:$E) -> 20 | K7: =E7-J7 -> 0 | L7: =IF(E7=0,0,J7/E7) -> 1 | M7: =J7*F7*'الثوابت Constants'!$C$8 -> 500 | N7: =I7-M7 -> 0
A8: Z3-R | B8: يمين R | C8: التحضير والبهارات | D8: PREP & SPICES | E8: 15 | F8: 5 | G8: 175 | H8: =G8-'الثوابت Constants'!$C$9 -> 160 | I8: =E8*F8*'الثوابت Constants'!$C$8 -> 375 | J8: =SUMIF('المحتويات Contents'!$A:$A,A8,'المحتويات Contents'!$E:$E) -> 11 | K8: =E8-J8 -> 4 | L8: =IF(E8=0,0,J8/E8) -> 0.73333333 | M8: =J8*F8*'الثوابت Constants'!$C$8 -> 275 | N8: =I8-M8 -> 100
A9: Z3-L | B9: يسار L | C9: الكراتين | D9: CARTONS | E9: 15 | F9: 4 | G9: 246 | H9: =G9-'الثوابت Constants'!$C$9 -> 231 | I9: =E9*F9*'الثوابت Constants'!$C$8 -> 300 | J9: =SUMIF('المحتويات Contents'!$A:$A,A9,'المحتويات Contents'!$E:$E) -> 15 | K9: =E9-J9 -> 0 | L9: =IF(E9=0,0,J9/E9) -> 1 | M9: =J9*F9*'الثوابت Constants'!$C$8 -> 300 | N9: =I9-M9 -> 0
A10: المجموع | B10: Total | E10: =SUM(E4:E9) -> 107 | I10: =SUM(I4:I9) -> 2600 | J10: =SUM(J4:J9) -> 100 | K10: =SUM(K4:K9) -> 7 | L10: =J10/E10 -> 0.93457944 | M10: =SUM(M4:M9) -> 2425 | N10: =SUM(N4:N9) -> 175
A12: مواقع الطبالي = راكات × أدوار × عدد الطبالي بالعمق (5) · Pallet locations = racks × levels × pallets deep (5)
A13: أقصى طبلية = ارتفاع الراك − 15 سم قاعدة البالت · Max pallet = rack height − 15 cm pallet base
A14: الراكات المشغولة تُحسب من شيت المحتويات (SUMIF) · Used racks are summed from the Contents sheet
A15: التوزيع مقترح وليس نهائياً · The allocation is a proposal, not final

Sheet فئات الارتفاع Heights
A1: فئات الارتفاع الثلاث · Three Rack Height Classes
A3: ارتفاع الراك سم Rack height | B3: عدد الراكات Racks | C3: أقصى طبلية سم Max pallet | D3: المناسب لها (عربي) | E3: Fits (EN) | F3: ملاحظة / Note
A4: 246 | B4: =SUMIF('المناطق الست Areas'!$G$4:$G$9,A4,'المناطق الست Areas'!$E$4:$E$9) -> 15 | C4: =A4-'الثوابت Constants'!$C$9 -> 231 | D4: الكراتين (طبلية 230 سم) — 4 أدوار | E4: Cartons (230 cm pallet) — 4 levels | F4: الكراتين لا تصلح إلا هنا · Cartons fit only here
A5: 195 | B5: =SUMIF('المناطق الست Areas'!$G$4:$G$9,A5,'المناطق الست Areas'!$E$4:$E$9) -> 20 | C5: =A5-'الثوابت Constants'!$C$9 -> 180 | D5: النشا · أكياس السحاب · البلاستيك العالي (حتى 180) + زيوت ونكهات | E5: Starch · zip bags · tall plastic (≤180) + oils & flavours | F5: 180+15=195 للأدوار العليا · 180+15=195 for upper levels
A6: 175 | B6: =SUMIF('المناطق الست Areas'!$G$4:$G$9,A6,'المناطق الست Areas'!$E$4:$E$9) -> 72 | C6: =A6-'الثوابت Constants'!$C$9 -> 160 | D6: بقية الأصناف (طبلية حتى 160)؛ الدور الأول A حتى 180 | E6: All other items (pallet ≤160); level A up to 180 | F6: الدور A: يُتحقق من الارتفاع الفعلي · verify clear height of level A
A7: المجموع Total | B7: =SUM(B4:B6) -> 107
A9: القاعدة: ارتفاع الراك المطلوب = ارتفاع الطبلية + 15 سم · Rule: required rack clearance = pallet height + 15 cm
A10: أحمد: هل منطقي أن المنطقة الجافة 3 مقاسات (246 / 195 / 175)؟ نعم · Yes — three heights confirmed

Sheet المحتويات Contents
A1: محتويات كل منطقة · Contents per Area
A3: رمز المنطقة Area | B3: المجموعة (عربي) Group AR | C3: Group EN | D3: الأصناف Items | E3: الراكات Racks | F3: راكات مشتركة Shared racks | G3: مواقع Locations | H3: نوع Type | I3: ملاحظة Note
A4: Z1-R | B4: رولات البلاستيك | C4: PLASTIC ROLLS | D4: 25 | E4: 19 | F4: 6 | G4: =E4*5*'الثوابت Constants'!$C$8 -> 475 | H4: =IF(F4>0,"مشترك · Shared","فردي · Single") -> مشترك · Shared | I4: 25 صنفاً على 19 راكاً: 6 مشتركة (علوي/سفلي) · 25 items on 19 racks, 6 shared
A5: Z1-L | B5: علب التعبئة | C5: PACKING BOXES | D5: 5 | E5: 6 | F5: 0 | G5: =E5*5*'الثوابت Constants'!$C$8 -> 150 | H5: =IF(F5>0,"مشترك · Shared","فردي · Single") -> فردي · Single | I5: راك واحد احتياطي · 1 spare rack
A6: Z1-L | B6: مستلزمات التعبئة | C6: PACKING SUPPLIES | D6: 10 | E6: 10 | F6: 0 | G6: =E6*5*'الثوابت Constants'!$C$8 -> 250 | H6: =IF(F6>0,"مشترك · Shared","فردي · Single") -> فردي · Single | I6: أكياس السحاب تُضاف هنا (تحتاج راك 195) · zip bags belong here (need 195)
A7: Z2-R | B7: التشكيل · بقسماط وخلطات | C7: FORMING · CRUMBS & MIXES | D7: 7 | E7: 19 | F7: 0 | G7: =E7*5*'الثوابت Constants'!$C$8 -> 475 | H7: =IF(F7>0,"مشترك · Shared","فردي · Single") -> فردي · Single | I7: توزيع 3,3,3,3,3,2,2 راك
A8: Z2-L | B8: التشكيل · زيوت ونكهات | C8: FORMING · OILS & FLAVOURS | D8: 6 | E8: 20 | F8: 0 | G8: =E8*5*'الثوابت Constants'!$C$8 -> 500 | H8: =IF(F8>0,"مشترك · Shared","فردي · Single") -> فردي · Single | I8: نكهات 2+2 · زيوت 4+4+4+4 — المنطقة ممتلئة · area is full
A9: Z3-R | B9: التحضير | C9: PREPARATION | D9: 6 | E9: 6 | F9: 0 | G9: =E9*5*'الثوابت Constants'!$C$8 -> 150 | H9: =IF(F9>0,"مشترك · Shared","فردي · Single") -> فردي · Single | I9: افتراض راك لكل صنف · assumed 1 rack/item
A10: Z3-R | B10: البهارات | C10: SPICES | D10: 13 | E10: 5 | F10: 5 | G10: =E10*5*'الثوابت Constants'!$C$8 -> 125 | H10: =IF(F10>0,"مشترك · Shared","فردي · Single") -> مشترك · Shared | I10: 13 صنفاً على 5 راكات مشتركة · النشا يُضاف هنا (يحتاج 195)
A11: Z3-L | B11: الكراتين | C11: CARTONS | D11: 18 | E11: 15 | F11: 3 | G11: =E11*4*'الثوابت Constants'!$C$8 -> 300 | H11: =IF(F11>0,"مشترك · Shared","فردي · Single") -> مشترك · Shared | I11: طبلية 230 سم — راك 246 فقط · 246 racks only
A12: المجموع | D12: =SUM(D4:D11) -> 90 | E12: =SUM(E4:E11) -> 100 | F12: =SUM(F4:F11) -> 14 | G12: =SUM(G4:G11) -> 2425
A14: مصدر الأصناف: DISTRIBUTION_v3.md + مولدات التشكيل والبهارات · Source: DISTRIBUTION_v3.md + forming/spices generators

Sheet المساحة والإشغال Area
A1: المساحة والإشغال · Floor Area & Occupancy
A3: البند Item | B3: Item (EN) | C3: القيمة Value | D3: طريقة الحساب How
A4: مساحة الغرفة الإجمالية م² | B4: Total room area m² | C4: ='الثوابت Constants'!$C$10*'الثوابت Constants'!$C$11 -> 1997.2 | D4: العرض × الطول (تقديري) · width × length (estimate)
A5: مساحة الممر الرئيسي م² | B5: Main aisle area m² | C5: ='الثوابت Constants'!$C$12*'الثوابت Constants'!$C$13 -> 383.44 | D5: عرض × طول الممر · aisle w × l
A6: مساحة الراك الواحد م² | B6: Footprint per rack m² | C6: ='الثوابت Constants'!$C$6*'الثوابت Constants'!$C$7*'الثوابت Constants'!$C$8 -> 8.0275 | D6: 1.69 × 0.95 × 5
A7: إجمالي مساحة الراكات م² | B7: Total rack footprint m² | C7: ='المناطق الست Areas'!E10*C6 -> 858.9425 | D7: راكات × مساحة الراك · racks × footprint
A8: المساحة المستغلة (راكات مشغولة) م² | B8: Used rack area m² | C8: ='المناطق الست Areas'!J10*C6 -> 802.75 | D8: راكات مشغولة × مساحة · used racks × footprint
A9: المساحة المتبقية (راكات فارغة) م² | B9: Free rack area m² | C9: ='المناطق الست Areas'!K10*C6 -> 56.1925 | D9: راكات فارغة × مساحة · free racks × footprint
A10: نسبة الاستغلال من الراكات | B10: Used % of racks | C10: ='المناطق الست Areas'!L10 -> 0.93457944
A11: نسبة الراكات من الغرفة | B11: Racks % of room | C11: =C7/C4 -> 0.43007335
A12: نسبة الممر من الغرفة | B12: Aisle % of room | C12: =C5/C4 -> 0.19198878
A13: باقي الغرفة (فواصل/أبواب/هوامش) م² | B13: Other (gaps/doors/margins) m² | C13: =C4-C5-C7 -> 754.8175 | D13: الغرفة − ممر − راكات · room − aisle − racks
A14: إجمالي مواقع الطبالي | B14: Total pallet locations | C14: ='المناطق الست Areas'!I10 -> 2600
A15: مواقع مشغولة | B15: Locations used | C15: ='المناطق الست Areas'!M10 -> 2425
A16: مواقع فارغة | B16: Locations free | C16: ='المناطق الست Areas'!N10 -> 175
A18: ⚠ أبعاد الغرفة تقديرية (20 × 99.86 م) — غير مقاسة؛ عدّلها في شيت الثوابت · Room size is an estimate, edit in Constants

Sheet الثوابت Constants
A1: الثوابت الهندسية · Geometry Constants
A3: البند Item | B3: Item (EN) | C3: القيمة Value | D3: المصدر / ملاحظة Source / note
A4: عرض البالت | B4: Pallet width | C4: 1.2 | D4: m · بالت صناعي 1200×1000 · standard pallet
A5: عمق البالت | B5: Pallet depth | C5: 1 | D5: m · بالت صناعي · standard pallet
A6: خطوة الممر بين الراكات | B6: Rack lane pitch | C6: 1.69 | D6: m · dry-room.html
A7: عمق موضع الطبلية في الراك | B7: Footprint depth per position | C7: 0.95 | D7: m · dry-room.html (laneClear/pallet slot)
A8: عدد الطبالي بالعمق | B8: Pallets deep | C8: 5 | D8: pcs · الاعتماد الحالي 5 (كان 6) · current basis 5 (was 6)
A9: ارتفاع قاعدة البالت | B9: Pallet base height | C9: 15 | D9: cm · من أحمد · from Ahmed
A10: عرض الغرفة (تقديري) | B10: Room width (estimate) | C10: 20 | D10: m · تقدير بالخطوات — غير مقاس · paced estimate, not measured
A11: طول الغرفة (تقديري) | B11: Room length (estimate) | C11: 99.86 | D11: m · مجموع أطوال المناطق+4 — غير مقاس · from plan, not measured
A12: عرض الممر الرئيسي | B12: Main aisle width | C12: 4 | D12: m · dry-room.html
A13: طول الممر | B13: Aisle length | C13: 95.86 | D13: m · طول الغرفة − 4 · room length − 4
A14: فاصل الباب الاضطراري | B14: Emergency-door gap | C14: 2.3 | D14: m · بين القطاعات · between sectors
A15: عرض عمود الراك | B15: Upright post | C15: 12 | D15: cm · dry-room.html
... A18: أقصى طبلية — راك 246 | B18: Max pallet — 246 rack | C18: 231 | D18: cm · الكرتون 230 ✓
A20: الأزرق = قيمة مُدخلة قابلة للتعديل (كل الشيتات تتحدث تلقائياً) · Blue = editable input, all sheets recalculate

Sheet قرارات مفتوحة Open
A1: قرارات وبيانات ناقصة · Open Decisions & Missing Data
A3: # | B3: عربي | C3: English | D3: الحالة Status
A4: 1 | B4: عدد طبالي النشا وأكياس السحاب | C4: Pallet counts for starch and zip bags | D4: مفتوح · Open
A5: 2 | B5: عدد طبالي البلاستيك الأطول من 160 سم | C5: Number of plastic pallets taller than 160 cm | D5: مفتوح · Open
A6: 3 | B6: الارتفاع الفعلي الحر للدور A في راكات 175 | C6: Measured clear height of level A in 175 racks | D6: مفتوح · Open
A7: 4 | B7: منطقة 195 ممتلئة (20/20): تتسع للنشا وأكياس السحاب؟ | C7: Z2-L is full (20/20): can it also take starch and zip bags? | D7: مفتوح · Open
A8: 5 | B8: 7 راكات 175 فقط فارغة — كفاية للبلاستيك العالي؟ | C8: Only 7 free 175 racks — enough for tall plastic? | D8: مفتوح · Open
A9: 6 | B9: قياس طول وعرض الغرفة الفعلي | C9: Measure the real room length and width | D9: مفتوح · Open
A10: 7 | B10: تحويل ملفات المستودع القديمة من 6 إلى 5 طبالي بالعمق | C10: Regenerate older repo files from 6 to 5 pallets deep | D10: مفتوح · Open
A11: 8 | B11: اعتماد التسمية والتصاميم النهائية للبانرات | C11: Approve final naming and banner designs | D11: مفتوح · Open
